,Musicas,Acordes
0,beija-flor,G
1,beija-flor,C
2,beija-flor,D#
3,beija-flor,G
4,beija-flor,C
5,beija-flor,D#
6,beija-flor,G
7,beija-flor,F
8,beija-flor,G
9,beija-flor,C
10,beija-flor,D#
11,beija-flor,G
12,beija-flor,C
13,beija-flor,D#
14,beija-flor,G
15,beija-flor,G
16,beija-flor,C
17,beija-flor,D#
18,beija-flor,G
19,beija-flor,C
20,beija-flor,D#
21,beija-flor,G
22,beija-flor,C
23,beija-flor,D#
24,beija-flor,G
25,beija-flor,C
26,beija-flor,F7
27,beija-flor,G7
28,beija-flor,C
29,beija-flor,F7
30,beija-flor,G7
31,beija-flor,G
32,beija-flor,C
33,beija-flor,D#
34,beija-flor,G
35,beija-flor,C
36,beija-flor,D#
37,beija-flor,G
38,beija-flor,G
39,beija-flor,C
40,beija-flor,D#
41,beija-flor,G
42,beija-flor,C
43,beija-flor,D#
44,beija-flor,F7
45,beija-flor,G7
46,beija-flor,C
47,beija-flor,F7
48,beija-flor,G7
49,beija-flor,G
50,beija-flor,C
51,beija-flor,D#
52,beija-flor,G
53,beija-flor,G
54,beija-flor,C
55,beija-flor,F7
56,beija-flor,G7
57,beija-flor,C
58,beija-flor,F7
59,beija-flor,G7
60,beija-flor,C
61,beija-flor,F7
62,beija-flor,G7
63,beija-flor,G
64,beija-flor,C
65,beija-flor,D#
66,beija-flor,G
67,beija-flor,C
68,beija-flor,D#
69,beija-flor,F7
70,beija-flor,G7
71,beija-flor,C
72,beija-flor,F7
73,beija-flor,G7
74,beija-flor,G
109,mimar-voce,A
110,mimar-voce,C#m7
111,mimar-voce,D
112,mimar-voce,E
113,mimar-voce,A
114,mimar-voce,C#m7
115,mimar-voce,D
116,mimar-voce,E
117,mimar-voce,D
118,mimar-voce,E
119,mimar-voce,A
120,mimar-voce,E
121,mimar-voce,E/G#
122,mimar-voce,F#m
123,mimar-voce,D
124,mimar-voce,E
125,mimar-voce,A
126,mimar-voce,A7
127,mimar-voce,D
128,mimar-voce,E
129,mimar-voce,A
130,mimar-voce,E
131,mimar-voce,E/G#
132,mimar-voce,F#m
133,mimar-voce,D
134,mimar-voce,E
135,mimar-voce,A
136,mimar-voce,A
137,mimar-voce,C#m7
138,mimar-voce,D
139,mimar-voce,E
140,mimar-voce,A
141,mimar-voce,C#m7
142,mimar-voce,D
143,mimar-voce,E
218,margarida-perfumada,Em7
219,margarida-perfumada,D
220,margarida-perfumada,G
221,margarida-perfumada,B7
222,margarida-perfumada,Em7
223,margarida-perfumada,Em7
224,margarida-perfumada,D
225,margarida-perfumada,G
226,margarida-perfumada,B7
227,margarida-perfumada,Em7
228,margarida-perfumada,Am7
229,margarida-perfumada,Em7
230,margarida-perfumada,Am7
231,margarida-perfumada,Em7
232,margarida-perfumada,Em7
233,margarida-perfumada,D
234,margarida-perfumada,G
235,margarida-perfumada,B7
236,margarida-perfumada,Em7
237,margarida-perfumada,Em7
238,margarida-perfumada,D
239,margarida-perfumada,G
240,margarida-perfumada,B7
241,margarida-perfumada,Em7
242,margarida-perfumada,Em7
243,margarida-perfumada,Am7
244,margarida-perfumada,B7
245,margarida-perfumada,Em7
246,margarida-perfumada,Am7
247,margarida-perfumada,Em7
327,minha-historia,A
328,minha-historia,A7M/G#
329,minha-historia,F#m
330,minha-historia,A6/E
331,minha-historia,D
332,minha-historia,C#m
333,minha-historia,Bm
334,minha-historia,E
335,minha-historia,A
336,minha-historia,A7M/G#
337,minha-historia,F#m
338,minha-historia,A6/E
339,minha-historia,D
340,minha-historia,E
341,minha-historia,A
342,minha-historia,E
343,minha-historia,F#m
344,minha-historia,A6/E
345,minha-historia,D
346,minha-historia,E
347,minha-historia,A
348,minha-historia,F#m
349,minha-historia,A6/E
350,minha-historia,D
351,minha-historia,E
352,minha-historia,A
353,minha-historia,A7M/G#
354,minha-historia,F#m
355,minha-historia,A6/E
356,minha-historia,D
357,minha-historia,C#m
358,minha-historia,Bm
359,minha-historia,E
360,minha-historia,A
361,minha-historia,A7M/G#
362,minha-historia,F#m
363,minha-historia,A6/E
364,minha-historia,D
365,minha-historia,E
366,minha-historia,A
367,minha-historia,E
368,minha-historia,A
369,minha-historia,A7M/G#
370,minha-historia,F#m
371,minha-historia,A6/E
372,minha-historia,F#7
373,minha-historia,Bm
374,minha-historia,D
375,minha-historia,E
376,minha-historia,F#m
377,minha-historia,A6/E
378,minha-historia,D
379,minha-historia,E
380,minha-historia,F#m
381,minha-historia,D
382,minha-historia,E
383,minha-historia,F#m
436,toneladas-de-desejo,C
437,toneladas-de-desejo,Em
438,toneladas-de-desejo,F
439,toneladas-de-desejo,G
440,toneladas-de-desejo,C
441,toneladas-de-desejo,Em
442,toneladas-de-desejo,F
443,toneladas-de-desejo,G
444,toneladas-de-desejo,C
445,toneladas-de-desejo,Dm
446,toneladas-de-desejo,G
447,toneladas-de-desejo,C
448,toneladas-de-desejo,C
449,toneladas-de-desejo,Dm
450,toneladas-de-desejo,G
451,toneladas-de-desejo,C
452,toneladas-de-desejo,C
453,toneladas-de-desejo,Dm
454,toneladas-de-desejo,G
455,toneladas-de-desejo,C
456,toneladas-de-desejo,Em
457,toneladas-de-desejo,D#m
458,toneladas-de-desejo,Dm
459,toneladas-de-desejo,G
460,toneladas-de-desejo,C
461,toneladas-de-desejo,Em
462,toneladas-de-desejo,D#m
463,toneladas-de-desejo,Dm
464,toneladas-de-desejo,G
465,toneladas-de-desejo,C
466,toneladas-de-desejo,C
467,toneladas-de-desejo,Dm
468,toneladas-de-desejo,G
469,toneladas-de-desejo,C
470,toneladas-de-desejo,Em
471,toneladas-de-desejo,D#m
472,toneladas-de-desejo,Dm
473,toneladas-de-desejo,G
474,toneladas-de-desejo,C
475,toneladas-de-desejo,Em
476,toneladas-de-desejo,D#m
477,toneladas-de-desejo,Dm
478,toneladas-de-desejo,G
479,toneladas-de-desejo,C
480,toneladas-de-desejo,Dm
481,toneladas-de-desejo,F
482,toneladas-de-desejo,G
483,toneladas-de-desejo,C
484,toneladas-de-desejo,Dm
485,toneladas-de-desejo,F
486,toneladas-de-desejo,G
487,toneladas-de-desejo,C
488,toneladas-de-desejo,F
489,toneladas-de-desejo,G
490,toneladas-de-desejo,C
491,toneladas-de-desejo,Dm
492,toneladas-de-desejo,G
493,toneladas-de-desejo,C
494,toneladas-de-desejo,Em
495,toneladas-de-desejo,D#m
496,toneladas-de-desejo,Dm
497,toneladas-de-desejo,G
498,toneladas-de-desejo,C
499,toneladas-de-desejo,Em
500,toneladas-de-desejo,D#m
501,toneladas-de-desejo,Dm
502,toneladas-de-desejo,G
503,toneladas-de-desejo,C
504,toneladas-de-desejo,Dm
505,toneladas-de-desejo,G
506,toneladas-de-desejo,C
507,toneladas-de-desejo,Em
508,toneladas-de-desejo,D#m
509,toneladas-de-desejo,Dm
510,toneladas-de-desejo,G
511,toneladas-de-desejo,C
512,toneladas-de-desejo,Em
513,toneladas-de-desejo,D#m
514,toneladas-de-desejo,Dm
515,toneladas-de-desejo,G
516,toneladas-de-desejo,C
517,toneladas-de-desejo,Dm
518,toneladas-de-desejo,G
519,toneladas-de-desejo,C
520,toneladas-de-desejo,Dm
521,toneladas-de-desejo,G
522,toneladas-de-desejo,C
523,toneladas-de-desejo,Dm
524,toneladas-de-desejo,G
525,toneladas-de-desejo,C
526,toneladas-de-desejo,Dm
527,toneladas-de-desejo,G
528,toneladas-de-desejo,C
529,toneladas-de-desejo,Dm
530,toneladas-de-desejo,G
531,toneladas-de-desejo,C
532,toneladas-de-desejo,Dm
533,toneladas-de-desejo,G
534,toneladas-de-desejo,C
535,toneladas-de-desejo,Am
536,toneladas-de-desejo,F
537,toneladas-de-desejo,G
538,toneladas-de-desejo,C
539,toneladas-de-desejo,Am
540,toneladas-de-desejo,F
541,toneladas-de-desejo,G
542,toneladas-de-desejo,C
543,toneladas-de-desejo,F
544,toneladas-de-desejo,G
545,namoro-dois,F
546,namoro-dois,Bm
547,namoro-dois,F
548,namoro-dois,Gm
549,namoro-dois,F
550,namoro-dois,Gm
551,namoro-dois,F
552,namoro-dois,Gm
553,namoro-dois,F
554,namoro-dois,Gm
555,namoro-dois,F
556,namoro-dois,Gm
557,namoro-dois,F
558,namoro-dois,Gm
559,namoro-dois,F
560,namoro-dois,Gm
561,namoro-dois,F
562,namoro-dois,Gm
563,namoro-dois,F
564,namoro-dois,Gm
565,namoro-dois,F
566,namoro-dois,Gm
567,namoro-dois,F
568,namoro-dois,Gm
569,namoro-dois,F
570,namoro-dois,Gm
571,namoro-dois,F
572,namoro-dois,Gm
573,namoro-dois,F
574,namoro-dois,Gm
575,namoro-dois,F
576,namoro-dois,Gm
577,namoro-dois,F
578,namoro-dois,Gm
579,namoro-dois,F
580,namoro-dois,Gm
581,namoro-dois,F
582,namoro-dois,Gm
583,namoro-dois,F
584,namoro-dois,Gm
585,namoro-dois,F
586,namoro-dois,Gm
587,namoro-dois,F
588,namoro-dois,Gm
589,namoro-dois,F
590,namoro-dois,Gm
591,namoro-dois,F
592,namoro-dois,Gm
593,namoro-dois,F
594,namoro-dois,Gm
595,namoro-dois,F
596,namoro-dois,Gm
597,namoro-dois,F
598,namoro-dois,Gm
599,namoro-dois,F
600,namoro-dois,Gm
601,namoro-dois,F
602,namoro-dois,Gm
603,namoro-dois,F
604,namoro-dois,Gm
605,namoro-dois,F
606,namoro-dois,Gm
607,namoro-dois,F
608,namoro-dois,Gm
609,namoro-dois,F
610,namoro-dois,Gm
611,namoro-dois,F
612,namoro-dois,Gm
613,namoro-dois,F
614,namoro-dois,Gm
615,namoro-dois,F
616,namoro-dois,Gm
617,namoro-dois,F
618,namoro-dois,Gm
619,namoro-dois,F
620,namoro-dois,Gm
621,namoro-dois,F
622,namoro-dois,Gm
623,namoro-dois,F
624,namoro-dois,Gm
625,namoro-dois,F
626,namoro-dois,Gm
627,namoro-dois,F
628,namoro-dois,Gm
654,ilha-grande,E
655,ilha-grande,F#m
656,ilha-grande,E
657,ilha-grande,F#m
658,ilha-grande,E
659,ilha-grande,A
660,ilha-grande,E
661,ilha-grande,B
662,ilha-grande,C#m7
663,ilha-grande,B
664,ilha-grande,E
665,ilha-grande,A
666,ilha-grande,E
667,ilha-grande,A
668,ilha-grande,B/A
669,ilha-grande,G#m7
670,ilha-grande,C#m7
671,ilha-grande,F#m7
672,ilha-grande,B7
673,ilha-grande,E
674,ilha-grande,A
675,ilha-grande,B/A
676,ilha-grande,G#m7
677,ilha-grande,C#m7
678,ilha-grande,F#m7
679,ilha-grande,B7
680,ilha-grande,E
681,ilha-grande,Bm7
682,ilha-grande,E
683,ilha-grande,A
684,ilha-grande,B/A
685,ilha-grande,G#m7
686,ilha-grande,C#m7
687,ilha-grande,A
688,ilha-grande,B/A
689,ilha-grande,G#m7
690,ilha-grande,C#m7
691,ilha-grande,A
692,ilha-grande,B/A
693,ilha-grande,G#m7
694,ilha-grande,C#m7
695,ilha-grande,A
696,ilha-grande,B/A
697,ilha-grande,E
698,ilha-grande,A
699,ilha-grande,A
700,ilha-grande,E
701,ilha-grande,E
702,ilha-grande,F#m
703,ilha-grande,B7
704,ilha-grande,G#m7
705,ilha-grande,C#7/9
706,ilha-grande,F#m
707,ilha-grande,B7
708,ilha-grande,E
709,ilha-grande,A
710,ilha-grande,A
711,ilha-grande,E
712,ilha-grande,E
713,ilha-grande,E
714,ilha-grande,F#m
715,ilha-grande,E
716,ilha-grande,F#m
717,ilha-grande,E
718,ilha-grande,A
719,ilha-grande,E
720,ilha-grande,A
721,ilha-grande,B/A
722,ilha-grande,G#m7
723,ilha-grande,C#m7
724,ilha-grande,A
725,ilha-grande,B/A
726,ilha-grande,G#m7
727,ilha-grande,C#m7
728,ilha-grande,A
729,ilha-grande,B/A
730,ilha-grande,G#m7
731,ilha-grande,C#m7
732,ilha-grande,A
733,ilha-grande,B/A
734,ilha-grande,E
735,ilha-grande,A
736,ilha-grande,A
737,ilha-grande,E
738,ilha-grande,E
739,ilha-grande,F#m
740,ilha-grande,B7
741,ilha-grande,G#m7
742,ilha-grande,C#7/9
743,ilha-grande,F#m
744,ilha-grande,B7
745,ilha-grande,E
746,ilha-grande,A
747,ilha-grande,A
748,ilha-grande,E
749,ilha-grande,E
750,ilha-grande,B
751,ilha-grande,C#m7
752,ilha-grande,B
753,ilha-grande,E
754,ilha-grande,A
755,ilha-grande,A
756,ilha-grande,E
757,ilha-grande,E
763,agua-mineral,E
764,agua-mineral,F#m
765,agua-mineral,B
766,agua-mineral,F#m
767,agua-mineral,B
768,agua-mineral,E
769,agua-mineral,F#m
770,agua-mineral,B
771,agua-mineral,E
772,agua-mineral,C#
773,agua-mineral,F#m
774,agua-mineral,B
775,agua-mineral,E
872,asanhanshu,B
873,asanhanshu,C#m
874,asanhanshu,B
875,asanhanshu,C#m
876,asanhanshu,E
877,asanhanshu,B
878,asanhanshu,B
879,asanhanshu,C#m
880,asanhanshu,E
881,asanhanshu,B
882,asanhanshu,B
883,asanhanshu,C#m
884,asanhanshu,B
885,asanhanshu,C#m
886,asanhanshu,B
887,asanhanshu,C#m
888,asanhanshu,B
889,asanhanshu,C#m
890,asanhanshu,B
891,asanhanshu,C#m
892,asanhanshu,B
893,asanhanshu,C#m
894,asanhanshu,B
895,asanhanshu,C#m
896,asanhanshu,E
897,asanhanshu,B
898,asanhanshu,C#m
899,asanhanshu,E
900,asanhanshu,B
901,asanhanshu,C#m
902,asanhanshu,E
903,asanhanshu,B
904,asanhanshu,C#m
905,asanhanshu,E
906,asanhanshu,B
907,asanhanshu,B
908,asanhanshu,C#m
909,asanhanshu,B
910,asanhanshu,C#m
911,asanhanshu,B
912,asanhanshu,C#m
913,asanhanshu,B
914,asanhanshu,C#m
915,asanhanshu,B
916,asanhanshu,C#m
917,asanhanshu,B
918,asanhanshu,C#m
919,asanhanshu,B
920,asanhanshu,B
921,asanhanshu,C#m
922,asanhanshu,B
923,asanhanshu,C#m
924,asanhanshu,B
925,asanhanshu,C#m
926,asanhanshu,B
927,asanhanshu,C#m
928,asanhanshu,B
929,asanhanshu,C#m
930,asanhanshu,B
931,asanhanshu,C#m
932,asanhanshu,B
981,se-voce-se-for,A
982,se-voce-se-for,E
983,se-voce-se-for,A
984,se-voce-se-for,E
985,se-voce-se-for,A
986,se-voce-se-for,A
987,se-voce-se-for,E
988,se-voce-se-for,A
989,se-voce-se-for,E
990,se-voce-se-for,A
991,se-voce-se-for,C#m
992,se-voce-se-for,D
993,se-voce-se-for,A
994,se-voce-se-for,E
995,se-voce-se-for,A
996,se-voce-se-for,C#m
997,se-voce-se-for,D
998,se-voce-se-for,A
999,se-voce-se-for,E
1000,se-voce-se-for,A
1001,se-voce-se-for,E
1002,se-voce-se-for,D
1003,se-voce-se-for,A
1004,se-voce-se-for,E
1005,se-voce-se-for,D
1006,se-voce-se-for,A
1007,se-voce-se-for,E
1008,se-voce-se-for,D
1009,se-voce-se-for,A
1010,se-voce-se-for,E
1011,se-voce-se-for,D
1012,se-voce-se-for,A
1013,se-voce-se-for,E
1014,se-voce-se-for,A
1015,se-voce-se-for,E
1016,se-voce-se-for,A
1017,se-voce-se-for,E
1018,se-voce-se-for,D
1019,se-voce-se-for,A
1020,se-voce-se-for,A
1021,se-voce-se-for,D
1022,se-voce-se-for,A
1023,se-voce-se-for,E
1024,se-voce-se-for,A
1025,se-voce-se-for,E
1026,se-voce-se-for,D
1027,se-voce-se-for,A
1028,se-voce-se-for,E
1029,se-voce-se-for,D
1030,se-voce-se-for,A
1031,se-voce-se-for,E
1032,se-voce-se-for,D
1033,se-voce-se-for,A
1034,se-voce-se-for,E
1035,se-voce-se-for,D
1036,se-voce-se-for,A
1090,a-latinha,A
1091,a-latinha,E
1092,a-latinha,A
1093,a-latinha,E
1094,a-latinha,A
1095,a-latinha,E
1096,a-latinha,A
1097,a-latinha,E
1098,a-latinha,A
1099,a-latinha,G
1100,a-latinha,Am
1101,a-latinha,F
1102,a-latinha,E
1103,a-latinha,Am
1104,a-latinha,Am
1105,a-latinha,Am
1106,a-latinha,F
1107,a-latinha,G
1108,a-latinha,Am
1199,adao-eva,Cm
1200,adao-eva,Fm
1201,adao-eva,G
1202,adao-eva,Cm
1203,adao-eva,G
1204,adao-eva,Cm
1205,adao-eva,Fm
1206,adao-eva,G
1207,adao-eva,Cm
1208,adao-eva,G
1209,adao-eva,Cm
1210,adao-eva,Fm
1211,adao-eva,Cm
1212,adao-eva,G
1213,adao-eva,Cm
1214,adao-eva,Fm
1215,adao-eva,Cm
1216,adao-eva,G
1217,adao-eva,Cm
1308,alegria-original,A
1309,alegria-original,E
1310,alegria-original,A
1311,alegria-original,A7
1312,alegria-original,D
1313,alegria-original,E7
1314,alegria-original,A
1315,alegria-original,A
1316,alegria-original,D
1317,alegria-original,A
1318,alegria-original,E
1319,alegria-original,A
1320,alegria-original,D
1321,alegria-original,A
1322,alegria-original,E
1323,alegria-original,A
1324,alegria-original,A
1325,alegria-original,D
1326,alegria-original,A
1327,alegria-original,E
1328,alegria-original,A
1329,alegria-original,D
1330,alegria-original,A
1331,alegria-original,E
1332,alegria-original,A
1333,alegria-original,A
1334,alegria-original,E
1335,alegria-original,A
1336,alegria-original,A7
1337,alegria-original,D
1338,alegria-original,E
1339,alegria-original,A
1340,alegria-original,D
1341,alegria-original,A
1342,alegria-original,E7
1343,alegria-original,A
1344,alegria-original,D
1345,alegria-original,A
1346,alegria-original,E7
1347,alegria-original,A
1417,carta-de-coracaozinho,F#
1418,carta-de-coracaozinho,B
1419,carta-de-coracaozinho,F#
1420,carta-de-coracaozinho,B
1421,carta-de-coracaozinho,F#
1422,carta-de-coracaozinho,B
1423,carta-de-coracaozinho,F#
1424,carta-de-coracaozinho,B
1425,carta-de-coracaozinho,F#
1426,carta-de-coracaozinho,B
1427,carta-de-coracaozinho,F#
1428,carta-de-coracaozinho,B
1429,carta-de-coracaozinho,F#
1430,carta-de-coracaozinho,B
1431,carta-de-coracaozinho,F#
1432,carta-de-coracaozinho,B
1433,carta-de-coracaozinho,F#
1434,carta-de-coracaozinho,B
1435,carta-de-coracaozinho,F#
1436,carta-de-coracaozinho,B
1437,carta-de-coracaozinho,F#
1438,carta-de-coracaozinho,B
1439,carta-de-coracaozinho,F#
1440,carta-de-coracaozinho,B
1441,carta-de-coracaozinho,F#
1442,carta-de-coracaozinho,B
1443,carta-de-coracaozinho,F#
1444,carta-de-coracaozinho,B
1445,carta-de-coracaozinho,F#
1446,carta-de-coracaozinho,B
1447,carta-de-coracaozinho,E
1448,carta-de-coracaozinho,F#
1526,casa-branda,E
1527,casa-branda,F#m
1528,casa-branda,B7
1529,casa-branda,E
1530,casa-branda,F#m
1531,casa-branda,B7
1532,casa-branda,E
1533,casa-branda,E
1534,casa-branda,F#m
1535,casa-branda,B7
1536,casa-branda,E
1537,casa-branda,E
1538,casa-branda,F#m
1539,casa-branda,B7
1540,casa-branda,E
1541,casa-branda,E
1542,casa-branda,F#m
1543,casa-branda,E
1544,casa-branda,F#m
1545,casa-branda,E
1546,casa-branda,F#m
1547,casa-branda,B7
1548,casa-branda,E
1549,casa-branda,E
1550,casa-branda,F#m
1551,casa-branda,B7
1552,casa-branda,E
1553,casa-branda,E
1554,casa-branda,F#m
1555,casa-branda,B7
1556,casa-branda,E
1557,casa-branda,E
1558,casa-branda,F#m
1559,casa-branda,B7
1560,casa-branda,E
1561,casa-branda,E
1562,casa-branda,F#m
1563,casa-branda,B7
1564,casa-branda,E
1635,chuva-de-flores-banho-de-pipoca,F#m
1636,chuva-de-flores-banho-de-pipoca,F#m
1637,chuva-de-flores-banho-de-pipoca,Bm
1638,chuva-de-flores-banho-de-pipoca,C#
1639,chuva-de-flores-banho-de-pipoca,F#m
1640,chuva-de-flores-banho-de-pipoca,F#m
1641,chuva-de-flores-banho-de-pipoca,Bm
1642,chuva-de-flores-banho-de-pipoca,C#
1643,chuva-de-flores-banho-de-pipoca,F#m
1644,chuva-de-flores-banho-de-pipoca,F#m
1645,chuva-de-flores-banho-de-pipoca,Bm
1646,chuva-de-flores-banho-de-pipoca,C#
1647,chuva-de-flores-banho-de-pipoca,F#m
1648,chuva-de-flores-banho-de-pipoca,Bm
1649,chuva-de-flores-banho-de-pipoca,F#m
1650,chuva-de-flores-banho-de-pipoca,C#
1651,chuva-de-flores-banho-de-pipoca,F#m
1652,chuva-de-flores-banho-de-pipoca,Bm
1653,chuva-de-flores-banho-de-pipoca,F#m
1654,chuva-de-flores-banho-de-pipoca,C#
1655,chuva-de-flores-banho-de-pipoca,F#m
1656,chuva-de-flores-banho-de-pipoca,F#m
1657,chuva-de-flores-banho-de-pipoca,Bm
1658,chuva-de-flores-banho-de-pipoca,C#
1659,chuva-de-flores-banho-de-pipoca,F#m
1660,chuva-de-flores-banho-de-pipoca,F#m
1661,chuva-de-flores-banho-de-pipoca,Bm
1662,chuva-de-flores-banho-de-pipoca,C#
1663,chuva-de-flores-banho-de-pipoca,F#m
1664,chuva-de-flores-banho-de-pipoca,F#m
1665,chuva-de-flores-banho-de-pipoca,Bm
1666,chuva-de-flores-banho-de-pipoca,C#
1667,chuva-de-flores-banho-de-pipoca,F#m
1668,chuva-de-flores-banho-de-pipoca,F#m
1669,chuva-de-flores-banho-de-pipoca,Bm
1670,chuva-de-flores-banho-de-pipoca,C#
1671,chuva-de-flores-banho-de-pipoca,F#m
1672,chuva-de-flores-banho-de-pipoca,Bm
1673,chuva-de-flores-banho-de-pipoca,F#m
1674,chuva-de-flores-banho-de-pipoca,C#
1675,chuva-de-flores-banho-de-pipoca,F#m
1676,chuva-de-flores-banho-de-pipoca,Bm
1677,chuva-de-flores-banho-de-pipoca,F#m
1678,chuva-de-flores-banho-de-pipoca,C#
1679,chuva-de-flores-banho-de-pipoca,F#m
1680,chuva-de-flores-banho-de-pipoca,Bm
1681,chuva-de-flores-banho-de-pipoca,F#m
1682,chuva-de-flores-banho-de-pipoca,C#
1683,chuva-de-flores-banho-de-pipoca,F#m
1684,chuva-de-flores-banho-de-pipoca,Bm
1685,chuva-de-flores-banho-de-pipoca,F#m
1686,chuva-de-flores-banho-de-pipoca,C#
1687,chuva-de-flores-banho-de-pipoca,F#m
1688,chuva-de-flores-banho-de-pipoca,Bm
1689,chuva-de-flores-banho-de-pipoca,F#m
1690,chuva-de-flores-banho-de-pipoca,C#
1691,chuva-de-flores-banho-de-pipoca,F#m
1692,chuva-de-flores-banho-de-pipoca,F#m
1693,chuva-de-flores-banho-de-pipoca,Bm
1694,chuva-de-flores-banho-de-pipoca,C#
1695,chuva-de-flores-banho-de-pipoca,F#m
1696,chuva-de-flores-banho-de-pipoca,F#m
1697,chuva-de-flores-banho-de-pipoca,Bm
1698,chuva-de-flores-banho-de-pipoca,C#
1699,chuva-de-flores-banho-de-pipoca,F#m
1700,chuva-de-flores-banho-de-pipoca,F#m
1701,chuva-de-flores-banho-de-pipoca,Bm
1702,chuva-de-flores-banho-de-pipoca,C#
1703,chuva-de-flores-banho-de-pipoca,F#m
1704,chuva-de-flores-banho-de-pipoca,F#m
1705,chuva-de-flores-banho-de-pipoca,Bm
1706,chuva-de-flores-banho-de-pipoca,C#
1707,chuva-de-flores-banho-de-pipoca,F#m
1708,chuva-de-flores-banho-de-pipoca,Bm
1709,chuva-de-flores-banho-de-pipoca,F#m
1710,chuva-de-flores-banho-de-pipoca,C#
1711,chuva-de-flores-banho-de-pipoca,F#m
1712,chuva-de-flores-banho-de-pipoca,Bm
1713,chuva-de-flores-banho-de-pipoca,F#m
1714,chuva-de-flores-banho-de-pipoca,C#
1715,chuva-de-flores-banho-de-pipoca,F#m
1716,chuva-de-flores-banho-de-pipoca,F#m
1717,chuva-de-flores-banho-de-pipoca,Bm
1718,chuva-de-flores-banho-de-pipoca,C#
1719,chuva-de-flores-banho-de-pipoca,F#m
1744,cobicada-amada,G
1745,cobicada-amada,D
1746,cobicada-amada,C
1747,cobicada-amada,G
1748,cobicada-amada,D
1749,cobicada-amada,C
1750,cobicada-amada,G
1751,cobicada-amada,F
1752,cobicada-amada,Em
1753,cobicada-amada,D
1754,cobicada-amada,C
1755,cobicada-amada,G
1756,cobicada-amada,Em
1757,cobicada-amada,D
1758,cobicada-amada,C
1759,cobicada-amada,G
1760,cobicada-amada,Em
1761,cobicada-amada,D
1762,cobicada-amada,C
1763,cobicada-amada,G
1853,dddd,D
1854,dddd,Am
1855,dddd,C
1856,dddd,D
1857,dddd,Am
1858,dddd,C
1859,dddd,G
1860,dddd,D
1861,dddd,C
1862,dddd,D
1863,dddd,G
1864,dddd,D
1865,dddd,Am
1866,dddd,G
1867,dddd,D
1868,dddd,G
1869,dddd,D
1870,dddd,Am
1871,dddd,C
1872,dddd,D
1873,dddd,Am
1874,dddd,C
1875,dddd,D
1876,dddd,Am
1877,dddd,C
1878,dddd,D
1879,dddd,Am
1880,dddd,C
1881,dddd,D
1882,dddd,G
1883,dddd,D
1884,dddd,Am
1885,dddd,C
1886,dddd,D
1887,dddd,Am
1888,dddd,G
1889,dddd,D
1890,dddd,Am
1891,dddd,C
1892,dddd,D
1893,dddd,Am
1894,dddd,C
1895,dddd,G
1896,dddd,D
1897,dddd,C
1898,dddd,D
1899,dddd,G
1900,dddd,D
1901,dddd,Am
1902,dddd,G
1903,dddd,D
1904,dddd,G
1962,emilio,F#m7
1963,emilio,Bm7
1964,emilio,C#m7
1965,emilio,F#m7
1966,emilio,Bm7
1967,emilio,C#m7
1968,emilio,F#m7
1969,emilio,Bm7
1970,emilio,C#m7
1971,emilio,F#m7
1972,emilio,Bm7
1973,emilio,C#m7
1974,emilio,F#m7
1975,emilio,Bm7
1976,emilio,C#m7
1977,emilio,F#m7
1978,emilio,Bm7
1979,emilio,C#m7
1980,emilio,F#m7
1981,emilio,Bm7
1982,emilio,C#m7
1983,emilio,F#m7
1984,emilio,Bm7
1985,emilio,C#m7
1986,emilio,F#m7
1987,emilio,Bm7
1988,emilio,C#m7
1989,emilio,F#m7
1990,emilio,Bm7
1991,emilio,C#m7
1992,emilio,F#m7
1993,emilio,Bm7
1994,emilio,C#m7
1995,emilio,F#m7
1996,emilio,Bm7
1997,emilio,C#m7
1998,emilio,F#m7
1999,emilio,Bm7
2000,emilio,C#m7
2001,emilio,F#m7
2002,emilio,Bm7
2003,emilio,C#m7
2004,emilio,F#m7
2005,emilio,Bm7
2006,emilio,C#m7
2007,emilio,F#m7
2008,emilio,Bm7
2009,emilio,C#m7
2010,emilio,F#m7
2011,emilio,Bm7
2012,emilio,C#m7
2013,emilio,F#m7
2014,emilio,Bm7
2015,emilio,C#m7
2016,emilio,F#m7
2017,emilio,Bm7
2018,emilio,C#m7
2019,emilio,F#m7
2020,emilio,Bm7
2021,emilio,C#m7
2022,emilio,F#m7
2023,emilio,Bm7
2024,emilio,C#m7
2071,formigueiro,F#m
2072,formigueiro,Bm7
2073,formigueiro,D
2074,formigueiro,C#7
2075,formigueiro,F#m
2076,formigueiro,F#m
2077,formigueiro,Bm7
2078,formigueiro,D
2079,formigueiro,C#7
2080,formigueiro,F#m
2081,formigueiro,E
2082,formigueiro,A
2083,formigueiro,Cº
2084,formigueiro,Bm7
2085,formigueiro,C#7
2086,formigueiro,F#m
2087,formigueiro,E
2088,formigueiro,A
2089,formigueiro,Cº
2090,formigueiro,Bm7
2091,formigueiro,C#7
2092,formigueiro,F#m7
2093,formigueiro,F#m
2094,formigueiro,Bm7
2095,formigueiro,D
2096,formigueiro,C#7
2097,formigueiro,F#m
2098,formigueiro,F#m
2099,formigueiro,Bm7
2100,formigueiro,D
2101,formigueiro,C#7
2102,formigueiro,F#m
2103,formigueiro,E
2104,formigueiro,A
2105,formigueiro,Cº
2106,formigueiro,Bm7
2107,formigueiro,C#7
2108,formigueiro,F#m
2109,formigueiro,E
2110,formigueiro,A
2111,formigueiro,Cº
2112,formigueiro,Bm7
2113,formigueiro,C#7
2114,formigueiro,F#m7
2180,fricote-da-terezinha,Dm
2181,fricote-da-terezinha,C
2182,fricote-da-terezinha,Gm
2183,fricote-da-terezinha,A7
2184,fricote-da-terezinha,Dm
2185,fricote-da-terezinha,C
2186,fricote-da-terezinha,Gm
2187,fricote-da-terezinha,A7
2188,fricote-da-terezinha,Dm
2189,fricote-da-terezinha,Dm
2190,fricote-da-terezinha,A7
2191,fricote-da-terezinha,Gm
2192,fricote-da-terezinha,A7
2193,fricote-da-terezinha,Dm
2194,fricote-da-terezinha,Dm
2195,fricote-da-terezinha,C
2196,fricote-da-terezinha,Dm
2197,fricote-da-terezinha,C
2198,fricote-da-terezinha,Dm
2199,fricote-da-terezinha,Dm
2200,fricote-da-terezinha,C
2201,fricote-da-terezinha,Gm
2202,fricote-da-terezinha,A7
2203,fricote-da-terezinha,Dm
2204,fricote-da-terezinha,C
2205,fricote-da-terezinha,Gm
2206,fricote-da-terezinha,A7
2207,fricote-da-terezinha,Dm
2289,maracaia,G
2290,maracaia,Am
2291,maracaia,G
2292,maracaia,C
2293,maracaia,Am
2294,maracaia,G
2295,maracaia,C
2296,maracaia,Am
2297,maracaia,G
2298,maracaia,Am
2299,maracaia,G
2300,maracaia,Am
2301,maracaia,G
2302,maracaia,Am
2303,maracaia,G
2304,maracaia,Am
2305,maracaia,G
2306,maracaia,C
2307,maracaia,Am
2308,maracaia,G
2309,maracaia,C
2310,maracaia,Am
2311,maracaia,G
2312,maracaia,C
2313,maracaia,Am
2314,maracaia,G
2315,maracaia,F
2316,maracaia,G
2317,maracaia,F
2318,maracaia,G
2319,maracaia,F
2320,maracaia,G
2321,maracaia,F
2322,maracaia,G
2323,maracaia,Am
2324,maracaia,G
2325,maracaia,Am
2326,maracaia,G
2327,maracaia,Am
2328,maracaia,G
2329,maracaia,Am
2330,maracaia,G
2398,meia-hora,A
2399,meia-hora,F#m
2400,meia-hora,C#m
2401,meia-hora,D
2402,meia-hora,E
2403,meia-hora,A
2404,meia-hora,D
2405,meia-hora,A
2406,meia-hora,E
2407,meia-hora,A
2408,meia-hora,E
2409,meia-hora,A
2410,meia-hora,E
2411,meia-hora,A
2412,meia-hora,F#m
2413,meia-hora,C#m
2414,meia-hora,D
2415,meia-hora,E
2416,meia-hora,A
2507,na-beira-do-mar,A
2508,na-beira-do-mar,F#m
2509,na-beira-do-mar,Bm
2510,na-beira-do-mar,A
2511,na-beira-do-mar,A
2512,na-beira-do-mar,F#m
2513,na-beira-do-mar,Bm
2514,na-beira-do-mar,A
2515,na-beira-do-mar,A
2516,na-beira-do-mar,Bm
2517,na-beira-do-mar,F#m
2518,na-beira-do-mar,Bm
2519,na-beira-do-mar,F#m
2520,na-beira-do-mar,F#m
2521,na-beira-do-mar,A
2522,na-beira-do-mar,A
2523,na-beira-do-mar,Bm
2524,na-beira-do-mar,F#m
2525,na-beira-do-mar,Bm
2526,na-beira-do-mar,F#m
2527,na-beira-do-mar,Bm
2528,na-beira-do-mar,F#m
2529,na-beira-do-mar,Bm
2530,na-beira-do-mar,F#m
2531,na-beira-do-mar,Bm
2532,na-beira-do-mar,F#m
2533,na-beira-do-mar,F#m
2534,na-beira-do-mar,A
2535,na-beira-do-mar,Bm
2536,na-beira-do-mar,A
2537,na-beira-do-mar,Bm
2538,na-beira-do-mar,F#m
2539,na-beira-do-mar,F#m
2540,na-beira-do-mar,Bm
2541,na-beira-do-mar,F#m
2616,os,Cm
2617,os,Bb
2618,os,Cm
2619,os,Bb
2620,os,Cm
2621,os,Bb
2622,os,Cm
2623,os,Bb
2624,os,Cm
2625,os,Cm
2626,os,Bb
2627,os,Cm
2628,os,Bb
2629,os,Cm
2630,os,Bb
2631,os,Cm
2632,os,Bb
2633,os,Cm
2634,os,Cm
2635,os,C#m
2636,os,Dm
2637,os,Dm
2638,os,C
2639,os,Dm
2640,os,C
2641,os,Dm
2642,os,C
2643,os,Dm
2644,os,C
2645,os,Dm
2725,pedindo-pra-voltar,Am
2726,pedindo-pra-voltar,Em
2727,pedindo-pra-voltar,Am
2728,pedindo-pra-voltar,Am
2729,pedindo-pra-voltar,Em
2730,pedindo-pra-voltar,Am
2731,pedindo-pra-voltar,Em
2732,pedindo-pra-voltar,Am
2733,pedindo-pra-voltar,Em
2734,pedindo-pra-voltar,Am
2735,pedindo-pra-voltar,Em
2736,pedindo-pra-voltar,Em
2737,pedindo-pra-voltar,Am
2738,pedindo-pra-voltar,Em
2739,pedindo-pra-voltar,Am
2740,pedindo-pra-voltar,Em
2741,pedindo-pra-voltar,Am
2742,pedindo-pra-voltar,Em
2743,pedindo-pra-voltar,Am
2834,pensando-alto,G9
2835,pensando-alto,A/C#
2836,pensando-alto,C9
2837,pensando-alto,D7(9)
2838,pensando-alto,D7(b9)
2839,pensando-alto,G
2840,pensando-alto,C7+
2841,pensando-alto,A/C#
2842,pensando-alto,C
2843,pensando-alto,Bm
2844,pensando-alto,D4
2845,pensando-alto,D
2846,pensando-alto,G
2847,pensando-alto,G7+
2848,pensando-alto,A
2849,pensando-alto,C
2850,pensando-alto,Bm
2851,pensando-alto,D
2852,pensando-alto,D#º
2853,pensando-alto,Em
2854,pensando-alto,Em(7+)
2855,pensando-alto,Em7
2856,pensando-alto,C#7(b5)
2857,pensando-alto,C
2858,pensando-alto,C/D
2859,pensando-alto,G
2860,pensando-alto,G5+
2861,pensando-alto,A/D
2862,pensando-alto,C
2863,pensando-alto,D
2864,pensando-alto,G
2865,pensando-alto,Em
2866,pensando-alto,C
2867,pensando-alto,D
2868,pensando-alto,G
2869,pensando-alto,C
2870,pensando-alto,D
2871,pensando-alto,Em
2872,pensando-alto,Em/D
2873,pensando-alto,C
2874,pensando-alto,D
2875,pensando-alto,G
2876,pensando-alto,Em
2877,pensando-alto,C
2878,pensando-alto,D
2879,pensando-alto,G
2880,pensando-alto,C
2881,pensando-alto,D
2882,pensando-alto,Em
2883,pensando-alto,Em/D
2884,pensando-alto,C
2885,pensando-alto,D
2886,pensando-alto,G
2887,pensando-alto,Em
2888,pensando-alto,C
2889,pensando-alto,D
2890,pensando-alto,G
2943,perfeita-demais,Bm
2944,perfeita-demais,A
2945,perfeita-demais,G
2946,perfeita-demais,F#
2947,perfeita-demais,Bm
2948,perfeita-demais,A
2949,perfeita-demais,G
2950,perfeita-demais,F#
2951,perfeita-demais,Bm
2952,perfeita-demais,A
2953,perfeita-demais,G
2954,perfeita-demais,F#
3052,quando-voce-eu,Em
3053,quando-voce-eu,Am
3054,quando-voce-eu,Em
3055,quando-voce-eu,Am
3056,quando-voce-eu,G
3057,quando-voce-eu,Am
3058,quando-voce-eu,Em
3059,quando-voce-eu,Am
3060,quando-voce-eu,Em
3061,quando-voce-eu,Am
3062,quando-voce-eu,Em
3063,quando-voce-eu,Am
3064,quando-voce-eu,G
3065,quando-voce-eu,Am
3066,quando-voce-eu,Em
3067,quando-voce-eu,Am
3068,quando-voce-eu,G
3069,quando-voce-eu,Am
3070,quando-voce-eu,G
3071,quando-voce-eu,Am
3072,quando-voce-eu,Em
3073,quando-voce-eu,Am
3074,quando-voce-eu,Em
3075,quando-voce-eu,Am
3076,quando-voce-eu,G
3077,quando-voce-eu,Am
3078,quando-voce-eu,G
3079,quando-voce-eu,Am
3080,quando-voce-eu,Em
3081,quando-voce-eu,Am
3082,quando-voce-eu,G
3083,quando-voce-eu,Am
3084,quando-voce-eu,Em
3085,quando-voce-eu,Am
3086,quando-voce-eu,Em
3087,quando-voce-eu,Am
3088,quando-voce-eu,Em
3089,quando-voce-eu,Am
3090,quando-voce-eu,Em
3091,quando-voce-eu,Am
3092,quando-voce-eu,Em
3093,quando-voce-eu,Am
3094,quando-voce-eu,Em
3095,quando-voce-eu,Am
3161,regando-te,D
3162,regando-te,A
3163,regando-te,E
3164,regando-te,A
3165,regando-te,D
3166,regando-te,A
3167,regando-te,E
3168,regando-te,D
3169,regando-te,A
3170,regando-te,E
3171,regando-te,A
3172,regando-te,D
3173,regando-te,A
3174,regando-te,E
3175,regando-te,F#m
3176,regando-te,Bm
3177,regando-te,Bm4
3178,regando-te,F#m
3179,regando-te,Bm
3180,regando-te,Bm4
3181,regando-te,F#m
3182,regando-te,Bm
3183,regando-te,Bm4
3184,regando-te,F#m
3185,regando-te,E
3186,regando-te,E
3187,regando-te,D
3188,regando-te,A
3189,regando-te,E
3190,regando-te,D
3191,regando-te,A
3192,regando-te,E
3193,regando-te,A
3194,regando-te,D
3195,regando-te,A
3196,regando-te,E
3197,regando-te,D
3198,regando-te,A
3199,regando-te,E
3200,regando-te,A
3201,regando-te,D
3202,regando-te,A
3203,regando-te,E
3204,regando-te,F#m
3205,regando-te,Bm
3206,regando-te,Bm4
3207,regando-te,F#m
3208,regando-te,Bm
3209,regando-te,Bm4
3210,regando-te,F#m
3211,regando-te,Bm
3212,regando-te,Bm4
3213,regando-te,F#m
3214,regando-te,E
3215,regando-te,E
3216,regando-te,D
3217,regando-te,A
3218,regando-te,E
3219,regando-te,F#m
3220,regando-te,E
3221,regando-te,D
3222,regando-te,D7+
3223,regando-te,E
3224,regando-te,D
3225,regando-te,D7+
3226,regando-te,E
3227,regando-te,D
3228,regando-te,D7+
3229,regando-te,E
3230,regando-te,D
3231,regando-te,D7+
3232,regando-te,E
3233,regando-te,E
3234,regando-te,D
3235,regando-te,A
3236,regando-te,E
3237,regando-te,E
3238,regando-te,D
3239,regando-te,A
3240,regando-te,E
3241,regando-te,E
3242,regando-te,D
3243,regando-te,A
3244,regando-te,E
3245,regando-te,E
3246,regando-te,D
3247,regando-te,A
3248,regando-te,C#
3249,regando-te,D
3250,regando-te,E
3251,regando-te,A
3270,regionagua,C#m
3271,regionagua,A
3272,regionagua,C#m
3273,regionagua,A
3274,regionagua,C#m
3275,regionagua,A
3276,regionagua,C#m
3277,regionagua,A
3278,regionagua,C#m
3279,regionagua,A
3280,regionagua,C#m
3281,regionagua,A
3282,regionagua,C#m
3283,regionagua,A
3284,regionagua,C#m
3285,regionagua,A
3286,regionagua,C#m
3287,regionagua,A
3288,regionagua,C#m
3289,regionagua,A
3290,regionagua,G#
3291,regionagua,A
3292,regionagua,C#m
3293,regionagua,A
3294,regionagua,G#
3295,regionagua,A
3296,regionagua,G#
3297,regionagua,A
3298,regionagua,G#
3299,regionagua,A
3300,regionagua,G#
3301,regionagua,A
3302,regionagua,C#m
3303,regionagua,A
3304,regionagua,G#
3305,regionagua,A
3306,regionagua,G#
3307,regionagua,A
3308,regionagua,G#
3309,regionagua,A
3310,regionagua,G#
3311,regionagua,A
3312,regionagua,G#
3313,regionagua,G#
3314,regionagua,A
3315,regionagua,G#
3316,regionagua,A
3317,regionagua,G#
3318,regionagua,A
3319,regionagua,G#
3320,regionagua,A
3321,regionagua,G#
3322,regionagua,A
3379,samba-ae,Bm
3380,samba-ae,A
3381,samba-ae,G
3382,samba-ae,A
3383,samba-ae,Bm
3384,samba-ae,A
3385,samba-ae,G
3386,samba-ae,A
3387,samba-ae,Bm
3388,samba-ae,A
3389,samba-ae,Bm
3390,samba-ae,A
3391,samba-ae,Bm
3392,samba-ae,A
3393,samba-ae,Bm
3394,samba-ae,A
3395,samba-ae,Bm
3396,samba-ae,A
3397,samba-ae,Bm
3398,samba-ae,A
3399,samba-ae,Bm
3400,samba-ae,A
3401,samba-ae,G
3402,samba-ae,A
3403,samba-ae,Bm
3404,samba-ae,A
3405,samba-ae,G
3406,samba-ae,A
3407,samba-ae,Bm
3408,samba-ae,A
3409,samba-ae,G
3410,samba-ae,A
3411,samba-ae,Bm
3412,samba-ae,A
3413,samba-ae,Bm
3414,samba-ae,A
3415,samba-ae,Bm
3416,samba-ae,A
3417,samba-ae,Bm
3418,samba-ae,A
3488,samba-da-bahia,G
3489,samba-da-bahia,Am
3490,samba-da-bahia,G
3491,samba-da-bahia,Am
3492,samba-da-bahia,G
3493,samba-da-bahia,Am
3494,samba-da-bahia,G
3495,samba-da-bahia,Am
3496,samba-da-bahia,G
3497,samba-da-bahia,Am
3498,samba-da-bahia,G
3499,samba-da-bahia,Am
3500,samba-da-bahia,G
3501,samba-da-bahia,Am
3502,samba-da-bahia,G
3503,samba-da-bahia,Am
3504,samba-da-bahia,G
3505,samba-da-bahia,Am
3506,samba-da-bahia,G
3507,samba-da-bahia,Am
3508,samba-da-bahia,Am
3509,samba-da-bahia,G
3510,samba-da-bahia,G
3511,samba-da-bahia,G
3512,samba-da-bahia,Am
3513,samba-da-bahia,G
3514,samba-da-bahia,G
3515,samba-da-bahia,Am
3516,samba-da-bahia,G
3517,samba-da-bahia,Am
3597,timbalando-vai,C
3598,timbalando-vai,F
3599,timbalando-vai,C
3600,timbalando-vai,F
3601,timbalando-vai,C
3602,timbalando-vai,F
3603,timbalando-vai,C
3604,timbalando-vai,F
3605,timbalando-vai,C
3606,timbalando-vai,F
3607,timbalando-vai,C
3608,timbalando-vai,F
3609,timbalando-vai,C
3610,timbalando-vai,F
3611,timbalando-vai,C
3612,timbalando-vai,F
3613,timbalando-vai,C
3614,timbalando-vai,C
3615,timbalando-vai,Am
3616,timbalando-vai,Em
3617,timbalando-vai,F
3618,timbalando-vai,C
3619,timbalando-vai,C
3620,timbalando-vai,Am
3621,timbalando-vai,Em
3622,timbalando-vai,F
3623,timbalando-vai,G
3624,timbalando-vai,C
3706,to-solto-mas-danco-agarrado,G
3707,to-solto-mas-danco-agarrado,D
3708,to-solto-mas-danco-agarrado,C
3709,to-solto-mas-danco-agarrado,D
3710,to-solto-mas-danco-agarrado,G
3711,to-solto-mas-danco-agarrado,D
3712,to-solto-mas-danco-agarrado,Em
3713,to-solto-mas-danco-agarrado,D
3714,to-solto-mas-danco-agarrado,Em
3715,to-solto-mas-danco-agarrado,Am
3716,to-solto-mas-danco-agarrado,C
3717,to-solto-mas-danco-agarrado,D
3718,to-solto-mas-danco-agarrado,G
3719,to-solto-mas-danco-agarrado,G
3720,to-solto-mas-danco-agarrado,Am
3721,to-solto-mas-danco-agarrado,C
3722,to-solto-mas-danco-agarrado,D
3723,to-solto-mas-danco-agarrado,Am
3724,to-solto-mas-danco-agarrado,D
3725,to-solto-mas-danco-agarrado,G
3726,to-solto-mas-danco-agarrado,G
3727,to-solto-mas-danco-agarrado,Am
3728,to-solto-mas-danco-agarrado,D
3729,to-solto-mas-danco-agarrado,Am
3730,to-solto-mas-danco-agarrado,D
3731,to-solto-mas-danco-agarrado,G
3732,to-solto-mas-danco-agarrado,C
3733,to-solto-mas-danco-agarrado,G
3734,to-solto-mas-danco-agarrado,C
3735,to-solto-mas-danco-agarrado,G
3736,to-solto-mas-danco-agarrado,C
3737,to-solto-mas-danco-agarrado,G
3738,to-solto-mas-danco-agarrado,C
3739,to-solto-mas-danco-agarrado,G
3740,to-solto-mas-danco-agarrado,Am
3741,to-solto-mas-danco-agarrado,C
3742,to-solto-mas-danco-agarrado,G
3743,to-solto-mas-danco-agarrado,C
3744,to-solto-mas-danco-agarrado,G
3745,to-solto-mas-danco-agarrado,C
3746,to-solto-mas-danco-agarrado,G
3747,to-solto-mas-danco-agarrado,C
3748,to-solto-mas-danco-agarrado,G
3749,to-solto-mas-danco-agarrado,C
3750,to-solto-mas-danco-agarrado,G
3751,to-solto-mas-danco-agarrado,Am
3752,to-solto-mas-danco-agarrado,C
3753,to-solto-mas-danco-agarrado,G
3754,to-solto-mas-danco-agarrado,D
3755,to-solto-mas-danco-agarrado,Em
3756,to-solto-mas-danco-agarrado,D
3757,to-solto-mas-danco-agarrado,Em
3758,to-solto-mas-danco-agarrado,Am
3759,to-solto-mas-danco-agarrado,C
3760,to-solto-mas-danco-agarrado,G
3761,to-solto-mas-danco-agarrado,G
3762,to-solto-mas-danco-agarrado,C
3763,to-solto-mas-danco-agarrado,Am
3764,to-solto-mas-danco-agarrado,C
3765,to-solto-mas-danco-agarrado,G
3766,to-solto-mas-danco-agarrado,D
3767,to-solto-mas-danco-agarrado,Em
3768,to-solto-mas-danco-agarrado,D
3769,to-solto-mas-danco-agarrado,Em
3770,to-solto-mas-danco-agarrado,Am
3771,to-solto-mas-danco-agarrado,C
3772,to-solto-mas-danco-agarrado,G
3773,to-solto-mas-danco-agarrado,G
3774,to-solto-mas-danco-agarrado,D
3775,to-solto-mas-danco-agarrado,G
3776,to-solto-mas-danco-agarrado,D
3777,to-solto-mas-danco-agarrado,G
3778,to-solto-mas-danco-agarrado,D
3779,to-solto-mas-danco-agarrado,C
3780,to-solto-mas-danco-agarrado,D
3781,to-solto-mas-danco-agarrado,G
3782,to-solto-mas-danco-agarrado,G
3783,to-solto-mas-danco-agarrado,D
3784,to-solto-mas-danco-agarrado,Em
3785,to-solto-mas-danco-agarrado,Am
3786,to-solto-mas-danco-agarrado,C
3815,u-maraca,C#m7
3816,u-maraca,B9
3817,u-maraca,C#m7
3818,u-maraca,B9
3819,u-maraca,C#m7
3820,u-maraca,F#m7
3821,u-maraca,G#m7
3822,u-maraca,C#m7
3823,u-maraca,F#m7
3824,u-maraca,G#m7
3825,u-maraca,C#m7
3826,u-maraca,B9
3827,u-maraca,C#m7
3828,u-maraca,B9
3829,u-maraca,C#m7
3830,u-maraca,F#m7
3831,u-maraca,G#m7
3832,u-maraca,C#m7
3833,u-maraca,F#m7
3834,u-maraca,G#m7
3835,u-maraca,C#m7
3836,u-maraca,B9
3837,u-maraca,G#m7
3838,u-maraca,C#m7
3839,u-maraca,C#m7
3840,u-maraca,B9
3841,u-maraca,G#m7
3842,u-maraca,C#m7
3924,um-tantinho-assim,C
3925,um-tantinho-assim,Em
3926,um-tantinho-assim,Dm
3927,um-tantinho-assim,G
3928,um-tantinho-assim,C
3929,um-tantinho-assim,Em
3930,um-tantinho-assim,Dm
3931,um-tantinho-assim,G
3932,um-tantinho-assim,C
3933,um-tantinho-assim,C
3934,um-tantinho-assim,Em
3935,um-tantinho-assim,Dm
3936,um-tantinho-assim,G
3937,um-tantinho-assim,C
3938,um-tantinho-assim,Em
3939,um-tantinho-assim,Dm
3940,um-tantinho-assim,G
3941,um-tantinho-assim,C
3942,um-tantinho-assim,Em
3943,um-tantinho-assim,Dm
3944,um-tantinho-assim,G
3945,um-tantinho-assim,C
3946,um-tantinho-assim,Em
3947,um-tantinho-assim,Dm
3948,um-tantinho-assim,G
3949,um-tantinho-assim,C
3950,um-tantinho-assim,Em
3951,um-tantinho-assim,Dm
3952,um-tantinho-assim,G
3953,um-tantinho-assim,C
3954,um-tantinho-assim,Em
3955,um-tantinho-assim,Dm
3956,um-tantinho-assim,G
3957,um-tantinho-assim,C
3958,um-tantinho-assim,C
3959,um-tantinho-assim,Em
3960,um-tantinho-assim,Dm
3961,um-tantinho-assim,G
4033,zorra,G
4034,zorra,G7
4035,zorra,C
4036,zorra,D
4037,zorra,G
4038,zorra,Em
4039,zorra,Am
4040,zorra,D7
4041,zorra,G
4042,zorra,G
4043,zorra,G7
4044,zorra,C
4045,zorra,D
4046,zorra,G
4047,zorra,Em
4048,zorra,Am
4049,zorra,D7
4050,zorra,G
4051,zorra,G
4052,zorra,C
4053,zorra,G
4054,zorra,G7
4055,zorra,C
4056,zorra,D7
4057,zorra,G
4058,zorra,Em
4059,zorra,Am
4060,zorra,D7
4061,zorra,G
4062,zorra,G7
4063,zorra,C
4064,zorra,D7
4065,zorra,G
4066,zorra,Em
4067,zorra,Am
4068,zorra,D7
4069,zorra,G
4070,zorra,C
4071,zorra,G
4072,zorra,D
4073,zorra,C
4074,zorra,G
